{
    "class_name": "Sequential",
    "config": {
        "name": "sequential_1",
        "layers": [
            {
                "class_name": "Conv2D",
                "config": {
                    "name": "conv2d_1",
                    "trainable": true,
                    "batch_input_shape": [
                        null,
                        48,
                        48,
                        1
                    ],
                    "dtype": "float32",
                    "filters": 64,
                    "kernel_size": [
                        3,
                        3
                    ],
                    "strides": [
                        1,
                        1
                    ],
                    "padding": "valid",
                    "data_format": "channels_last",
                    "dilation_rate": [
                        1,
                        1
                    ],
                    "activation": "relu",
                    "use_bias": true,
                    "kernel_initializer": {
                        "class_name": "VarianceScaling",
                        "config": {
                            "scale": 1.0,
                            "mode": "fan_avg",
                            "distribution": "uniform",
                            "seed": null
                        }
                    },
                    "bias_initializer": {
                        "class_name": "Zeros",
                        "config": {}
                    },
                    "kernel_regularizer": null,
                    "bias_regularizer": null,
                    "activity_regularizer": null,
                    "kernel_constraint": null,
                    "bias_constraint": null
                }
            },
            {
                "class_name": "Conv2D",
                "config": {
                    "name": "conv2d_2",
                    "trainable": true,
                    "filters": 64,
                    "kernel_size": [
                        3,
                        3
                    ],
                    "strides": [
                        1,
                        1
                    ],
                    "padding": "valid",
                    "data_format": "channels_last",
                    "dilation_rate": [
                        1,
                        1
                    ],
                    "activation": "relu",
                    "use_bias": true,
                    "kernel_initializer": {
                        "class_name": "VarianceScaling",
                        "config": {
                            "scale": 1.0,
                            "mode": "fan_avg",
                            "distribution": "uniform",
                            "seed": null
                        }
                    },
                    "bias_initializer": {
                        "class_name": "Zeros",
                        "config": {}
                    },
                    "kernel_regularizer": null,
                    "bias_regularizer": null,
                    "activity_regularizer": null,
                    "kernel_constraint": null,
                    "bias_constraint": null
                }
            },
            {
                "class_name": "MaxPooling2D",
                "config": {
                    "name": "max_pooling2d_1",
                    "trainable": true,
                    "pool_size": [
                        2,
                        2
                    ],
                    "padding": "valid",
                    "strides": [
                        2,
                        2
                    ],
                    "data_format": "channels_last"
                }
            },
            {
                "class_name": "Dropout",
                "config": {
                    "name": "dropout_1",
                    "trainable": true,
                    "rate": 0.5,
                    "noise_shape": null,
                    "seed": null
                }
            },
            {
                "class_name": "Conv2D",
                "config": {
                    "name": "conv2d_3",
                    "trainable": true,
                    "filters": 64,
                    "kernel_size": [
                        3,
                        3
                    ],
                    "strides": [
                        1,
                        1
                    ],
                    "padding": "valid",
                    "data_format": "channels_last",
                    "dilation_rate": [
                        1,
                        1
                    ],
                    "activation": "relu",
                    "use_bias": true,
                    "kernel_initializer": {
                        "class_name": "VarianceScaling",
                        "config": {
                            "scale": 1.0,
                            "mode": "fan_avg",
                            "distribution": "uniform",
                            "seed": null
                        }
                    },
                    "bias_initializer": {
                        "class_name": "Zeros",
                        "config": {}
                    },
                    "kernel_regularizer": null,
                    "bias_regularizer": null,
                    "activity_regularizer": null,
                    "kernel_constraint": null,
                    "bias_constraint": null
                }
            },
            {
                "class_name": "Conv2D",
                "config": {
                    "name": "conv2d_4",
                    "trainable": true,
                    "filters": 64,
                    "kernel_size": [
                        3,
                        3
                    ],
                    "strides": [
                        1,
                        1
                    ],
                    "padding": "valid",
                    "data_format": "channels_last",
                    "dilation_rate": [
                        1,
                        1
                    ],
                    "activation": "relu",
                    "use_bias": true,
                    "kernel_initializer": {
                        "class_name": "VarianceScaling",
                        "config": {
                            "scale": 1.0,
                            "mode": "fan_avg",
                            "distribution": "uniform",
                            "seed": null
                        }
                    },
                    "bias_initializer": {
                        "class_name": "Zeros",
                        "config": {}
                    },
                    "kernel_regularizer": null,
                    "bias_regularizer": null,
                    "activity_regularizer": null,
                    "kernel_constraint": null,
                    "bias_constraint": null
                }
            },
            {
                "class_name": "MaxPooling2D",
                "config": {
                    "name": "max_pooling2d_2",
                    "trainable": true,
                    "pool_size": [
                        2,
                        2
                    ],
                    "padding": "valid",
                    "strides": [
                        2,
                        2
                    ],
                    "data_format": "channels_last"
                }
            },
            {
                "class_name": "Dropout",
                "config": {
                    "name": "dropout_2",
                    "trainable": true,
                    "rate": 0.5,
                    "noise_shape": null,
                    "seed": null
                }
            },
            {
                "class_name": "Conv2D",
                "config": {
                    "name": "conv2d_5",
                    "trainable": true,
                    "filters": 128,
                    "kernel_size": [
                        3,
                        3
                    ],
                    "strides": [
                        1,
                        1
                    ],
                    "padding": "valid",
                    "data_format": "channels_last",
                    "dilation_rate": [
                        1,
                        1
                    ],
                    "activation": "relu",
                    "use_bias": true,
                    "kernel_initializer": {
                        "class_name": "VarianceScaling",
                        "config": {
                            "scale": 1.0,
                            "mode": "fan_avg",
                            "distribution": "uniform",
                            "seed": null
                        }
                    },
                    "bias_initializer": {
                        "class_name": "Zeros",
                        "config": {}
                    },
                    "kernel_regularizer": null,
                    "bias_regularizer": null,
                    "activity_regularizer": null,
                    "kernel_constraint": null,
                    "bias_constraint": null
                }
            },
            {
                "class_name": "Conv2D",
                "config": {
                    "name": "conv2d_6",
                    "trainable": true,
                    "filters": 128,
                    "kernel_size": [
                        3,
                        3
                    ],
                    "strides": [
                        1,
                        1
                    ],
                    "padding": "valid",
                    "data_format": "channels_last",
                    "dilation_rate": [
                        1,
                        1
                    ],
                    "activation": "relu",
                    "use_bias": true,
                    "kernel_initializer": {
                        "class_name": "VarianceScaling",
                        "config": {
                            "scale": 1.0,
                            "mode": "fan_avg",
                            "distribution": "uniform",
                            "seed": null
                        }
                    },
                    "bias_initializer": {
                        "class_name": "Zeros",
                        "config": {}
                    },
                    "kernel_regularizer": null,
                    "bias_regularizer": null,
                    "activity_regularizer": null,
                    "kernel_constraint": null,
                    "bias_constraint": null
                }
            },
            {
                "class_name": "MaxPooling2D",
                "config": {
                    "name": "max_pooling2d_3",
                    "trainable": true,
                    "pool_size": [
                        2,
                        2
                    ],
                    "padding": "valid",
                    "strides": [
                        2,
                        2
                    ],
                    "data_format": "channels_last"
                }
            },
            {
                "class_name": "Flatten",
                "config": {
                    "name": "flatten_1",
                    "trainable": true,
                    "data_format": "channels_last"
                }
            },
            {
                "class_name": "Dense",
                "config": {
                    "name": "dense_1",
                    "trainable": true,
                    "units": 1024,
                    "activation": "relu",
                    "use_bias": true,
                    "kernel_initializer": {
                        "class_name": "VarianceScaling",
                        "config": {
                            "scale": 1.0,
                            "mode": "fan_avg",
                            "distribution": "uniform",
                            "seed": null
                        }
                    },
                    "bias_initializer": {
                        "class_name": "Zeros",
                        "config": {}
                    },
                    "kernel_regularizer": null,
                    "bias_regularizer": null,
                    "activity_regularizer": null,
                    "kernel_constraint": null,
                    "bias_constraint": null
                }
            },
            {
                "class_name": "Dropout",
                "config": {
                    "name": "dropout_3",
                    "trainable": true,
                    "rate": 0.2,
                    "noise_shape": null,
                    "seed": null
                }
            },
            {
                "class_name": "Dense",
                "config": {
                    "name": "dense_2",
                    "trainable": true,
                    "units": 1024,
                    "activation": "relu",
                    "use_bias": true,
                    "kernel_initializer": {
                        "class_name": "VarianceScaling",
                        "config": {
                            "scale": 1.0,
                            "mode": "fan_avg",
                            "distribution": "uniform",
                            "seed": null
                        }
                    },
                    "bias_initializer": {
                        "class_name": "Zeros",
                        "config": {}
                    },
                    "kernel_regularizer": null,
                    "bias_regularizer": null,
                    "activity_regularizer": null,
                    "kernel_constraint": null,
                    "bias_constraint": null
                }
            },
            {
                "class_name": "Dropout",
                "config": {
                    "name": "dropout_4",
                    "trainable": true,
                    "rate": 0.2,
                    "noise_shape": null,
                    "seed": null
                }
            },
            {
                "class_name": "Dense",
                "config": {
                    "name": "dense_3",
                    "trainable": true,
                    "units": 7,
                    "activation": "softmax",
                    "use_bias": true,
                    "kernel_initializer": {
                        "class_name": "VarianceScaling",
                        "config": {
                            "scale": 1.0,
                            "mode": "fan_avg",
                            "distribution": "uniform",
                            "seed": null
                        }
                    },
                    "bias_initializer": {
                        "class_name": "Zeros",
                        "config": {}
                    },
                    "kernel_regularizer": null,
                    "bias_regularizer": null,
                    "activity_regularizer": null,
                    "kernel_constraint": null,
                    "bias_constraint": null
                }
            }
        ]
    },
    "keras_version": "2.2.4",
    "backend": "tensorflow"
}